,parameters,training_rmse_0,training_rmse_1,training_rmse_2,training_rmse_3,training_rmse_4,valid_1_rmse_0,valid_1_rmse_1,valid_1_rmse_2,valid_1_rmse_3,valid_1_rmse_4,best_iterations_0,best_iterations_1,best_iterations_2,best_iterations_3,best_iterations_4,training_rmse_mean,valid_rmse_mean,best_iter_mean,overfit_flag
0,"{'early_stopping_rounds': 10, 'learning_rate': 0.1, 'min_data_in_leaf': 500, 'num_leaves': 64, 'num_round': 200}",1418.7458077195513,1416.8953862733008,1412.065012737338,1416.752452709,1413.8247972720549,1639.2523842971912,1633.1866691141859,1649.8311028379433,1622.4790432749408,1637.352797291359,200,200,200,200,200,1415.656691342249,1636.420399363124,200.0,220.76370802087513
1,"{'early_stopping_rounds': 10, 'learning_rate': 0.1, 'min_data_in_leaf': 1000, 'num_leaves': 64, 'num_round': 200}",1470.6742892281575,1471.4640772550226,1468.1196595960007,1471.0976404983617,1468.2774995022055,1652.2546840853856,1643.9682253045721,1655.825686392511,1629.2732981002562,1649.4669786572358,200,200,200,200,200,1469.9266332159498,1646.1577745079921,200.0,176.23114129204237
2,"{'early_stopping_rounds': 10, 'learning_rate': 0.2, 'min_data_in_leaf': 500, 'num_leaves': 64, 'num_round': 200}",1369.3045453662862,1399.5365579427028,1393.1530281984803,1380.7140221158622,1392.8993513577998,1645.2348115542125,1645.8160675390127,1659.8574782623032,1635.6190945303886,1651.934002979649,149,121,129,141,128,1387.1215009962264,1647.6922909731134,133.6,260.570789976887
3,"{'early_stopping_rounds': 10, 'learning_rate': 0.2, 'min_data_in_leaf': 1000, 'num_leaves': 64, 'num_round': 200}",1376.8025824492956,1406.3500352634035,1382.634826259791,1418.9526526532802,1403.7888717325325,1648.8117982920855,1646.4319580419408,1659.3307579906295,1637.8572984343068,1657.1470226096815,200,172,200,152,166,1397.7057936716606,1649.9157670737288,178.0,252.20997340206827
4,"{'early_stopping_rounds': 10, 'learning_rate': 0.05, 'min_data_in_leaf': 500, 'num_leaves': 64, 'num_round': 200}",1512.1086663367105,1513.017035525208,1509.9503702635643,1518.3177207836986,1513.618225611518,1656.458421208084,1647.66742087216,1663.7682206903532,1635.1272434041923,1653.6827796070486,200,200,200,200,200,1513.40240370414,1651.3408171563678,200.0,137.9384134522279
5,"{'early_stopping_rounds': 10, 'learning_rate': 0.2, 'min_data_in_leaf': 500, 'num_leaves': 64, 'num_round': 100}",1427.387010195634,1430.3506287370642,1429.541628579005,1431.279228400468,1427.8931451875283,1651.8465244423808,1649.8615003391988,1663.1704426236915,1638.4995490072386,1654.979175851138,100,100,100,100,100,1429.29032821994,1651.6714384527295,100.0,222.38111023278952
6,"{'early_stopping_rounds': 10, 'learning_rate': 0.2, 'min_data_in_leaf': 500, 'num_leaves': 32, 'num_round': 200}",1423.8966030016898,1421.0648676442656,1419.9636539091946,1432.632808847764,1427.4700130483704,1658.2754011803427,1651.0964335225183,1662.0635275306513,1637.1793134071308,1659.4267326199085,200,200,200,200,200,1425.005589290257,1653.6082816521102,200.0,228.60269236185331
7,"{'early_stopping_rounds': 10, 'learning_rate': 0.1, 'min_data_in_leaf': 500, 'num_leaves': 32, 'num_round': 200}",1510.8433822213117,1514.49488301914,1512.8999263120982,1513.2415093645845,1513.0913626349832,1660.496575491047,1650.6728750898335,1664.833064301706,1639.1943811916228,1658.7002703496196,200,200,200,200,200,1512.9142127104235,1654.7794332847657,200.0,141.86522057434217
8,"{'early_stopping_rounds': 10, 'learning_rate': 0.1, 'min_data_in_leaf': 500, 'num_leaves': 64, 'num_round': 100}",1517.4972273651424,1518.5364641889648,1512.3910761430304,1519.0174019417993,1516.0553893468589,1659.7514420054772,1652.5433623479785,1669.4569840460615,1639.317842536847,1655.762554459595,100,100,100,100,100,1516.6995117971592,1655.3664370791917,100.0,138.66692528203248
9,"{'early_stopping_rounds': 10, 'learning_rate': 0.2, 'min_data_in_leaf': 1000, 'num_leaves': 32, 'num_round': 200}",1460.314231216418,1458.010608725034,1477.8497155560651,1463.6469828808802,1459.9314217618187,1657.329023689266,1654.826090387792,1669.2307334603277,1639.2392829746177,1659.6679309827332,200,200,173,200,200,1463.950592028043,1656.0586122989473,194.6,192.10802027090426
10,"{'early_stopping_rounds': 10, 'learning_rate': 0.1, 'min_data_in_leaf': 1000, 'num_leaves': 32, 'num_round': 200}",1536.257138204063,1537.1332174698753,1534.6232051398392,1538.4455849766093,1537.6204519517885,1664.8964866024005,1651.7986581272703,1669.9013118278417,1642.4266194811019,1661.3309509141163,200,200,200,200,200,1536.815919548435,1658.070805390546,200.0,121.25488584211098
11,"{'early_stopping_rounds': 10, 'learning_rate': 0.2, 'min_data_in_leaf': 1000, 'num_leaves': 64, 'num_round': 100}",1474.9669058878255,1481.470033896296,1482.609106566494,1477.0271800037028,1477.4952942541856,1658.6095644849888,1654.6804317385245,1668.3837838785664,1644.345967451764,1664.532955135903,100,100,100,100,100,1478.7137041217006,1658.1105405379494,100.0,179.3968364162488
12,"{'early_stopping_rounds': 10, 'learning_rate': 0.05, 'min_data_in_leaf': 1000, 'num_leaves': 64, 'num_round': 200}",1557.8775012967556,1556.7762619061536,1554.3847942338996,1559.800425591512,1557.290940464871,1671.6959449392248,1662.7967255202054,1674.8291601331227,1648.8529269415126,1669.4194479140272,200,200,200,200,200,1557.2259846986385,1665.5188410896185,200.0,108.29285639097998
13,"{'early_stopping_rounds': 10, 'learning_rate': 0.2, 'min_data_in_leaf': 500, 'num_leaves': 32, 'num_round': 100}",1519.106877352734,1518.1581883003873,1517.1884709495173,1523.9796598588355,1518.379020656826,1672.210057975058,1662.5348937781753,1676.695683994444,1646.1304482070068,1672.241852717503,100,100,100,100,100,1519.3624434236601,1665.9625873344376,100.0,146.60014391077743
14,"{'early_stopping_rounds': 10, 'learning_rate': 0.1, 'min_data_in_leaf': 1000, 'num_leaves': 64, 'num_round': 100}",1560.803604681676,1559.6740346040954,1555.8088621750069,1563.5327851126929,1557.9102506599652,1678.4653551395513,1665.1452078370535,1677.8051362453054,1650.8540029909398,1669.9869400502898,100,100,100,100,100,1559.5459074466871,1668.451328452628,100.0,108.90542100594098
15,"{'early_stopping_rounds': 10, 'learning_rate': 0.2, 'min_data_in_leaf': 1000, 'num_leaves': 32, 'num_round': 100}",1545.5798676463348,1544.3587252861075,1540.7174125063036,1546.648817100375,1547.3043601190886,1670.8648922767727,1666.368393984583,1681.3073403657877,1650.045806984636,1675.9586223139613,100,100,100,100,100,1544.921836531642,1668.909011185148,100.0,123.98717465350614
16,"{'early_stopping_rounds': 10, 'learning_rate': 0.2, 'min_data_in_leaf': 500, 'num_leaves': 64, 'num_round': 50}",1526.7001752243605,1526.4512741200317,1526.6956152912799,1529.8561036733236,1529.8426357954866,1673.6220769284976,1665.1547529523268,1680.016706713433,1654.8516526976327,1671.3922272718166,50,50,50,50,50,1527.9091608208964,1669.0074833127414,50.0,141.098322491845
17,"{'early_stopping_rounds': 10, 'learning_rate': 0.2, 'min_data_in_leaf': 1000, 'num_leaves': 16, 'num_round': 200}",1549.4930865863848,1542.5616860949253,1542.2916065334655,1548.5531666733698,1544.2324144455285,1678.6989789176891,1664.0549332898022,1679.883834435948,1650.3314385890458,1674.7510251227682,200,200,200,200,200,1545.426392066735,1669.5440420710506,200.0,124.11765000431569
18,"{'early_stopping_rounds': 10, 'learning_rate': 0.2, 'min_data_in_leaf': 500, 'num_leaves': 16, 'num_round': 200}",1528.4633580965967,1523.3005718905915,1526.6876391728358,1529.1210857206281,1522.1284024125787,1677.057704129106,1663.1407571385453,1682.6785429155505,1654.7062808667176,1675.3273544004448,200,200,200,200,200,1525.940211458646,1670.582127890073,200.0,144.64191643142703
19,"{'early_stopping_rounds': 10, 'learning_rate': 0.05, 'min_data_in_leaf': 500, 'num_leaves': 32, 'num_round': 200}",1594.4634678920197,1592.6422534981953,1592.3415755678257,1597.6470153036744,1592.6547944306549,1685.2484329795689,1671.179575347755,1686.5261728698313,1657.5943674124671,1679.4801534805526,200,200,200,200,200,1593.9498213384738,1676.0057404180347,200.0,82.05591907956091
20,"{'early_stopping_rounds': 10, 'learning_rate': 0.2, 'min_data_in_leaf': 1000, 'num_leaves': 64, 'num_round': 50}",1564.782881484999,1572.1002100926125,1568.4651689827274,1565.9941152327813,1569.7095502663678,1683.1301770827865,1677.238477140904,1690.1174505784343,1662.7430708231693,1685.9657459519444,50,50,50,50,50,1568.2103852118976,1679.8389843154478,50.0,111.62859910355019
21,"{'early_stopping_rounds': 10, 'learning_rate': 0.1, 'min_data_in_leaf': 500, 'num_leaves': 32, 'num_round': 100}",1598.563876964421,1599.8432571019418,1594.7363980015516,1600.6267616261057,1594.2846327494092,1688.8121581747334,1678.2817039357053,1689.549603409659,1665.0334880878058,1681.686960281445,100,100,100,100,100,1597.610985288686,1680.6727827778698,100.0,83.06179748918385
22,"{'early_stopping_rounds': 10, 'learning_rate': 0.05, 'min_data_in_leaf': 1000, 'num_leaves': 32, 'num_round': 200}",1613.6622182585118,1614.0175818370947,1611.8355875578816,1618.5600297804203,1613.1996963363886,1692.3218377398093,1682.0210577240935,1694.524544888916,1665.1234763998002,1686.9726883617263,200,200,200,200,200,1614.2550227540592,1684.192721022869,200.0,69.93769826880975
23,"{'early_stopping_rounds': 10, 'learning_rate': 0.1, 'min_data_in_leaf': 500, 'num_leaves': 16, 'num_round': 200}",1600.0116845657437,1599.4877855870093,1602.0852860490736,1607.8731812878123,1600.7442064140494,1690.5776022767914,1676.2904023128328,1695.8950788349223,1668.100539662179,1691.1106204712837,200,200,200,200,200,1602.0404287807376,1684.3948487116018,200.0,82.3544199308642
24,"{'early_stopping_rounds': 10, 'learning_rate': 0.1, 'min_data_in_leaf': 1000, 'num_leaves': 32, 'num_round': 100}",1617.2922753758135,1617.6794757763116,1614.6700755185107,1620.8470179157719,1616.4742081140362,1696.412091808341,1683.9401304434755,1698.1235579656736,1670.5039312358513,1690.2452225417503,100,100,100,100,100,1617.3926105400885,1687.8449867990184,100.0,70.45237625892992
25,"{'early_stopping_rounds': 10, 'learning_rate': 0.1, 'min_data_in_leaf': 1000, 'num_leaves': 16, 'num_round': 200}",1613.6766774449854,1616.9505480360474,1615.4094892007793,1623.4805230164457,1614.8803016921252,1691.0193457375472,1684.5052448468796,1699.3839747469099,1673.6383817347255,1691.6948946603297,200,200,200,200,200,1616.8795078780763,1688.0483683452785,200.0,71.1688604672022
26,"{'early_stopping_rounds': 10, 'learning_rate': 0.2, 'min_data_in_leaf': 500, 'num_leaves': 32, 'num_round': 50}",1605.0687359062067,1604.2554863389407,1601.9051212433203,1610.0454495491686,1604.72555850527,1700.1599334206526,1689.8208044620583,1700.328029801744,1671.075269793272,1695.9044448138125,50,50,50,50,50,1605.2000703085812,1691.457696458308,50.0,86.25762614972678
27,"{'early_stopping_rounds': 10, 'learning_rate': 0.05, 'min_data_in_leaf': 500, 'num_leaves': 64, 'num_round': 100}",1615.6848011516695,1615.911654610733,1614.3776887708327,1620.2481821378174,1616.1647518955515,1697.9465512231232,1691.6581861655102,1706.807996897395,1675.1697173273058,1695.2653351906922,100,100,100,100,100,1616.4774157133206,1693.3695573608052,100.0,76.89214164748455
28,"{'early_stopping_rounds': 10, 'learning_rate': 0.2, 'min_data_in_leaf': 500, 'num_leaves': 16, 'num_round': 100}",1613.124670855875,1612.2374510548893,1611.3065114698975,1615.051554586354,1606.707637829,1701.1359744751035,1686.3795314820297,1705.433469847783,1677.4290567765738,1698.6004333902354,100,100,100,100,100,1611.6855651592032,1693.7956931943452,100.0,82.110128035142
29,"{'early_stopping_rounds': 10, 'learning_rate': 0.1, 'min_data_in_leaf': 500, 'num_leaves': 64, 'num_round': 50}",1617.4688052840959,1617.2561643329452,1616.4869538414748,1621.9469081872533,1618.28501968885,1699.276648705161,1693.6950564038252,1708.4231927454816,1677.871380684605,1695.648345815683,50,50,50,50,50,1618.2887702669238,1694.9829248709514,50.0,76.69415460402752
30,"{'early_stopping_rounds': 10, 'learning_rate': 0.2, 'min_data_in_leaf': 1000, 'num_leaves': 16, 'num_round': 100}",1627.153046689854,1625.1222774100922,1621.8813897299087,1627.3013357908205,1618.442331830674,1707.5381573198142,1690.266332798694,1706.798656756708,1674.624920913349,1697.910523572794,100,100,100,100,100,1623.9800762902698,1695.427718272272,100.0,71.4476419820021
31,"{'early_stopping_rounds': 10, 'learning_rate': 0.2, 'min_data_in_leaf': 1000, 'num_leaves': 32, 'num_round': 50}",1628.3163760185532,1624.7045351629206,1620.5490980417674,1631.3261227574367,1629.0323248192717,1704.0492246733288,1695.1432500984154,1709.737183008796,1678.8513580783076,1705.1482228529958,50,50,50,50,50,1626.7856913599899,1698.5858477423687,50.0,71.80015638237887
32,"{'early_stopping_rounds': 10, 'learning_rate': 0.2, 'min_data_in_leaf': 500, 'num_leaves': 8, 'num_round': 200}",1627.7495825534804,1626.1292296000524,1618.9569788863203,1628.9203215577422,1626.0057508201603,1708.1934898913403,1694.6822040788602,1708.6343518348547,1683.0179016544778,1702.896331628833,200,200,200,200,200,1625.5523726835513,1699.4848558176734,200.0,73.9324831341221
33,"{'early_stopping_rounds': 10, 'learning_rate': 0.2, 'min_data_in_leaf': 1000, 'num_leaves': 8, 'num_round': 200}",1638.3921391612641,1635.0074799381493,1633.7971943004075,1635.14414418718,1639.92477008242,1709.3299994574713,1695.7964814818217,1714.0051289302978,1684.8651404972145,1707.8720597230317,200,200,200,200,200,1636.4531455338843,1702.3737620179677,200.0,65.92061648408344
34,"{'early_stopping_rounds': 10, 'learning_rate': 0.2, 'min_data_in_leaf': 5000, 'num_leaves': 64, 'num_round': 200}",1623.8094385956904,1626.6348547274215,1621.4816969964925,1623.7201592782083,1624.6181721344333,1708.8259613940336,1700.1528114238936,1714.120916599764,1689.1250240900151,1707.4094940481805,200,200,200,200,200,1624.052864346449,1703.9268415111776,200.0,79.87397716472856
35,"{'early_stopping_rounds': 10, 'learning_rate': 0.2, 'min_data_in_leaf': 5000, 'num_leaves': 32, 'num_round': 200}",1625.5142146930912,1625.4827602131375,1620.507344044316,1621.8443869268715,1625.039272712986,1712.6773976778088,1701.4684070561163,1711.9442682802069,1687.1703622018576,1706.5581891386303,200,200,200,200,200,1623.6775957180803,1703.9637248709241,200.0,80.28612915284384
36,"{'early_stopping_rounds': 10, 'learning_rate': 0.5, 'min_data_in_leaf': 5000, 'num_leaves': 64, 'num_round': 200}",1546.0430768623014,1548.6209350949875,1539.2262845786368,1542.4462892452432,1547.195955181312,1708.7806971261243,1707.5798498427505,1715.0714716424793,1689.4734146256485,1705.3853184607633,200,200,200,200,200,1544.7065081924961,1705.258150339553,200.0,160.55164214705678
37,"{'early_stopping_rounds': 10, 'learning_rate': 0.5, 'min_data_in_leaf': 5000, 'num_leaves': 32, 'num_round': 200}",1548.8746214750724,1552.2808062135766,1544.9652663510692,1550.991086586918,1547.9087715660892,1709.650182093955,1704.6088382818518,1713.6144374511732,1694.5280758103315,1711.9444262369773,200,200,200,200,200,1549.004110438545,1706.8691919748576,200.0,157.86508153631257
38,"{'early_stopping_rounds': 10, 'learning_rate': 0.5, 'min_data_in_leaf': 1000, 'num_leaves': 16, 'num_round': 200}",1524.4636819280395,1509.2086751721667,1481.1422142437102,1517.101104598929,1569.8714397257713,1716.5832612129552,1702.8489050752448,1710.2229390810478,1686.9749575673402,1719.2748189554175,143,147,179,134,88,1520.3574231337232,1707.180976378401,138.2,186.8235532446779
39,"{'early_stopping_rounds': 10, 'learning_rate': 0.5, 'min_data_in_leaf': 500, 'num_leaves': 16, 'num_round': 200}",1479.979254639423,1536.3895927972073,1474.0364071016909,1539.3257140836652,1496.9400904719585,1708.073815988922,1712.24811667398,1718.4075866770079,1693.425268223907,1723.6659430354534,159,110,161,106,144,1505.3342118187888,1711.1641461198542,136.0,205.82993430106535
40,"{'early_stopping_rounds': 10, 'learning_rate': 0.5, 'min_data_in_leaf': 5000, 'num_leaves': 16, 'num_round': 200}",1591.8220134087408,1598.0276137842575,1588.176333203475,1595.210077832464,1588.1528017976357,1712.7051816276446,1710.4447176077626,1719.483174632373,1702.9444019675416,1719.3268658494817,200,200,200,200,200,1592.2777680053146,1712.9808683369606,200.0,120.70310033164606
41,"{'early_stopping_rounds': 10, 'learning_rate': 0.5, 'min_data_in_leaf': 1000, 'num_leaves': 16, 'num_round': 100}",1565.830901682592,1560.2699571742164,1559.0138263894985,1559.2478579173307,1569.8714397257713,1721.1004621783898,1710.4195832069108,1720.8066815923337,1695.4634797002802,1719.2748189554175,100,100,100,100,88,1562.8467965778818,1713.4130051266663,97.6,150.56620854878452
42,"{'early_stopping_rounds': 10, 'learning_rate': 0.05, 'min_data_in_leaf': 1000, 'num_leaves': 64, 'num_round': 100}",1654.5175536374354,1654.4594550836248,1651.8766721419481,1659.5307606655158,1653.3876776050447,1721.9680155766362,1713.1523901610906,1723.244110633587,1694.9476569669835,1715.8931176497135,100,100,100,100,100,1654.754423826714,1713.8410581976023,100.0,59.086634370888305
43,"{'early_stopping_rounds': 10, 'learning_rate': 0.2, 'min_data_in_leaf': 5000, 'num_leaves': 16, 'num_round': 200}",1659.252218104033,1660.7804459286947,1652.5753463566361,1658.3209781890262,1656.6371313421582,1720.3115778104336,1714.8034888551397,1720.7813869426018,1697.5089971327593,1717.924506330606,200,200,200,200,200,1657.5132239841096,1714.2659914143082,200.0,56.75276743019867
44,"{'early_stopping_rounds': 10, 'learning_rate': 0.5, 'min_data_in_leaf': 500, 'num_leaves': 64, 'num_round': 200}",1472.4005633780268,1460.9832460851187,1408.0079397773704,1429.9900691564956,1468.8274663456584,1718.4695568861264,1713.581044738203,1726.1070346023832,1693.2216629130253,1721.5816833487502,42,48,67,58,43,1448.0418569485341,1714.5921964976976,51.6,266.5503395491635
45,"{'early_stopping_rounds': 10, 'learning_rate': 0.5, 'min_data_in_leaf': 500, 'num_leaves': 64, 'num_round': 100}",1472.4005633780268,1460.9832460851187,1408.0079397773704,1429.9900691564956,1468.8274663456584,1718.4695568861264,1713.581044738203,1726.1070346023832,1693.2216629130253,1721.5816833487502,42,48,67,58,43,1448.0418569485341,1714.5921964976976,51.6,266.5503395491635
46,"{'early_stopping_rounds': 10, 'learning_rate': 0.1, 'min_data_in_leaf': 1000, 'num_leaves': 64, 'num_round': 50}",1656.366066485843,1656.3105558590803,1651.8284502457793,1660.587413105321,1656.302695073786,1725.4172014698486,1712.0989596578643,1723.1308287850406,1696.1719151493428,1716.80973778838,50,50,50,50,50,1656.2790361539617,1714.725728570095,50.0,58.446692416133374
47,"{'early_stopping_rounds': 10, 'learning_rate': 0.5, 'min_data_in_leaf': 1000, 'num_leaves': 8, 'num_round': 200}",1573.7977787101554,1584.3241561851498,1567.6673233273752,1625.5524378891264,1578.1391161421616,1720.19289973813,1709.0284954379508,1719.8743148774574,1709.338987287422,1718.6873076787417,200,180,200,125,200,1585.8961624507938,1715.4244010039406,181.0,129.52823855314682
48,"{'early_stopping_rounds': 10, 'learning_rate': 0.5, 'min_data_in_leaf': 500, 'num_leaves': 64, 'num_round': 50}",1449.1702023644596,1456.217664494983,1454.293679940484,1452.6498347725008,1451.199903049732,1719.6832559153047,1713.6819792961505,1727.131473159466,1693.9871415947111,1722.6537371980905,50,50,50,50,50,1452.706256924432,1715.4275174327445,50.0,262.7212605083125
49,"{'early_stopping_rounds': 10, 'learning_rate': 0.5, 'min_data_in_leaf': 500, 'num_leaves': 8, 'num_round': 200}",1605.4738330284065,1566.9845203805514,1549.2153880101291,1565.1093528102988,1556.1977721205258,1726.0363789436815,1716.282503074608,1722.9774528031883,1700.5742079111521,1712.922405314267,134,200,200,186,200,1568.5961732699823,1715.7585896093794,184.0,147.16241633939717
50,"{'early_stopping_rounds': 10, 'learning_rate': 0.5, 'min_data_in_leaf': 1000, 'num_leaves': 32, 'num_round': 200}",1521.3017917871155,1529.781947267577,1485.154100588395,1527.9913533803924,1569.1448426465217,1722.223405906016,1715.5840271767872,1715.4478006711681,1699.4611891134566,1728.9470337222224,73,69,90,73,49,1526.674807134,1716.3326913179299,70.8,189.6578841839298
51,"{'early_stopping_rounds': 10, 'learning_rate': 0.5, 'min_data_in_leaf': 1000, 'num_leaves': 32, 'num_round': 100}",1521.3017917871155,1529.781947267577,1472.933712434807,1527.9913533803924,1569.1448426465217,1722.223405906016,1715.5840271767872,1716.8733252122474,1699.4611891134566,1728.9470337222224,73,69,100,73,49,1524.2307295032824,1716.6177962261459,72.8,192.38706672286344
52,"{'early_stopping_rounds': 10, 'learning_rate': 0.5, 'min_data_in_leaf': 1000, 'num_leaves': 64, 'num_round': 100}",1428.292621614773,1523.8848810117204,1414.256716836048,1499.7606235298083,1438.059492482616,1714.9413094579627,1722.7658778712296,1717.5078887855345,1705.416989692056,1722.8404860974126,78,43,85,51,76,1460.850867094993,1716.694510380839,66.6,255.84364328584593
53,"{'early_stopping_rounds': 10, 'learning_rate': 0.5, 'min_data_in_leaf': 1000, 'num_leaves': 64, 'num_round': 200}",1428.292621614773,1523.8848810117204,1414.256716836048,1499.7606235298083,1438.059492482616,1714.9413094579627,1722.7658778712296,1717.5078887855345,1705.416989692056,1722.8404860974126,78,43,85,51,76,1460.850867094993,1716.694510380839,66.6,255.84364328584593
54,"{'early_stopping_rounds': 10, 'learning_rate': 0.5, 'min_data_in_leaf': 500, 'num_leaves': 16, 'num_round': 100}",1555.2759971916178,1548.7035020655867,1546.8088169863363,1546.4692085615125,1542.4742410187184,1724.0584985986459,1713.7625039505217,1728.9021026259031,1694.832044553649,1728.3850736767156,100,100,100,100,100,1547.9463531647543,1717.988044681087,100.0,170.04169151633278
55,"{'early_stopping_rounds': 10, 'learning_rate': 0.5, 'min_data_in_leaf': 500, 'num_leaves': 32, 'num_round': 200}",1429.7758856953715,1446.2813090465188,1524.4631904059095,1457.769401758648,1505.4525708211856,1713.235079198173,1716.5044674532098,1730.6441138801308,1699.7540558639653,1731.5614929727005,108,104,60,97,67,1472.7484715455269,1718.3398418736356,87.2,245.59137032810872
56,"{'early_stopping_rounds': 10, 'learning_rate': 0.5, 'min_data_in_leaf': 500, 'num_leaves': 32, 'num_round': 100}",1441.8216004895155,1454.4656275846778,1524.4631904059095,1452.9875339302569,1505.4525708211856,1713.5893028097084,1718.807736518733,1730.6441138801308,1700.390833769438,1731.5614929727005,100,100,60,100,67,1475.8381046463091,1718.998695990142,85.4,243.16059134383295
57,"{'early_stopping_rounds': 10, 'learning_rate': 0.5, 'min_data_in_leaf': 1000, 'num_leaves': 64, 'num_round': 50}",1499.6472247086037,1506.1587389508984,1497.3649769962176,1502.3532729424205,1500.1503809898934,1720.7750255760286,1723.8079183009797,1723.033751496348,1705.7546708769182,1727.8533175217874,50,50,50,50,50,1501.1349189176067,1720.2449367544123,50.0,219.11001783680558
58,"{'early_stopping_rounds': 10, 'learning_rate': 0.05, 'min_data_in_leaf': 500, 'num_leaves': 16, 'num_round': 200}",1681.6942502477243,1679.9208090227426,1675.713407341935,1683.5131183290475,1677.8523405196663,1730.2306597634513,1719.807334958724,1729.305603927554,1702.0408353922276,1728.0172634299427,200,200,200,200,200,1679.738785092223,1721.88033949438,200.0,42.141554402157
59,"{'early_stopping_rounds': 10, 'learning_rate': 0.5, 'min_data_in_leaf': 1000, 'num_leaves': 32, 'num_round': 50}",1566.8810255905787,1569.3614416969042,1559.448469444171,1576.3516335202426,1565.9930302421708,1728.2542917170424,1721.961590310954,1724.8309181501304,1705.5542106055693,1729.0890012954394,50,50,50,50,50,1567.6071200988135,1721.9380024158268,50.0,154.33088231701322
60,"{'early_stopping_rounds': 10, 'learning_rate': 0.1, 'min_data_in_leaf': 500, 'num_leaves': 16, 'num_round': 100}",1683.3586857471603,1677.3578161205062,1679.7121729985586,1689.6928307212063,1678.5726999099504,1733.075460707961,1716.9883324315874,1732.6528430161345,1706.2485958560642,1729.3159763812014,100,100,100,100,100,1681.7388410994765,1723.6562416785898,100.0,41.91740057911329
61,"{'early_stopping_rounds': 10, 'learning_rate': 0.5, 'min_data_in_leaf': 500, 'num_leaves': 32, 'num_round': 50}",1549.7268128757546,1554.4970153136649,1551.256445122635,1547.4552242257694,1548.5703430967967,1722.0249485793831,1730.1765361299692,1733.5534895777969,1704.9050017729824,1735.3944059996456,50,50,50,50,50,1550.301168126924,1725.2108764119555,50.0,174.90970828503146
62,"{'early_stopping_rounds': 10, 'learning_rate': 0.05, 'min_data_in_leaf': 1000, 'num_leaves': 16, 'num_round': 200}",1689.0068081922582,1686.534385676854,1686.0521538054577,1692.641845802635,1689.1264340198297,1734.3184714883098,1722.1847521284506,1732.9428387575954,1705.7489904330168,1734.151714108102,200,200,200,200,200,1688.6723254994072,1725.869353383095,200.0,37.197027883687724
63,"{'early_stopping_rounds': 10, 'learning_rate': 0.05, 'min_data_in_leaf': 500, 'num_leaves': 32, 'num_round': 100}",1685.9744557077477,1685.7228590235945,1685.251283530628,1691.4367050453586,1685.792209720027,1734.8101673867236,1726.9176041942503,1738.3487749559047,1706.140117330832,1731.2094966785721,100,100,100,100,100,1686.835502605471,1727.4852321092567,100.0,40.64972950378569
64,"{'early_stopping_rounds': 10, 'learning_rate': 0.5, 'min_data_in_leaf': 5000, 'num_leaves': 8, 'num_round': 200}",1656.304610840688,1658.8695182186548,1666.7347982618912,1670.4601018441222,1660.5243598569714,1726.6392977717699,1722.3677670102056,1738.5390558343029,1728.2539480310659,1727.3374184241995,200,200,200,200,200,1662.5786778044653,1728.627497414309,200.0,66.04881960984358
65,"{'early_stopping_rounds': 10, 'learning_rate': 0.1, 'min_data_in_leaf': 1000, 'num_leaves': 16, 'num_round': 100}",1689.449324877393,1691.626373972095,1689.3607333869327,1694.6514524625386,1690.9814293881036,1735.8300659314307,1727.4183731455303,1738.012644438593,1709.4804686884709,1737.2746892876628,100,100,100,100,100,1691.213862817413,1729.6032482983373,100.0,38.389385480924375
66,"{'early_stopping_rounds': 10, 'learning_rate': 0.5, 'min_data_in_leaf': 5000, 'num_leaves': 32, 'num_round': 100}",1628.9919156655312,1634.468860640726,1628.0045226036304,1632.8189584239187,1634.7696718396687,1733.0586645689657,1726.9907058435947,1738.2598677976232,1715.1190829663676,1735.9959786083698,100,100,100,100,100,1631.810785834695,1729.884859956984,100.0,98.07407412228895
67,"{'early_stopping_rounds': 10, 'learning_rate': 0.1, 'min_data_in_leaf': 500, 'num_leaves': 32, 'num_round': 50}",1691.0868314306822,1688.4323800285515,1688.4162701067191,1693.9370364736617,1686.9483140131815,1738.4620631761795,1728.6358226231337,1741.209583598887,1711.730152638509,1731.5865530528654,50,50,50,50,50,1689.764166410559,1730.3248350179151,50.0,40.56066860735609
68,"{'early_stopping_rounds': 10, 'learning_rate': 0.5, 'min_data_in_leaf': 5000, 'num_leaves': 64, 'num_round': 100}",1629.1503508267876,1631.57435548957,1627.2276252234792,1628.547811624152,1634.0629255799297,1733.6479161488023,1732.5364243366348,1742.7023949272998,1712.1434940047368,1731.1764934445155,100,100,100,100,100,1630.1126137487836,1730.4413445723978,100.0,100.32873082361425
69,"{'early_stopping_rounds': 10, 'learning_rate': 0.1, 'min_data_in_leaf': 500, 'num_leaves': 8, 'num_round': 200}",1693.168627827993,1693.6384874205698,1685.6340710211732,1699.362634756508,1694.6931997433142,1739.1012574114945,1727.4874007035555,1733.5650369927305,1716.6969966251938,1736.2811838671244,200,200,200,200,200,1693.2994041539118,1730.6263751200197,200.0,37.326970966107865
70,"{'early_stopping_rounds': 10, 'learning_rate': 0.2, 'min_data_in_leaf': 500, 'num_leaves': 16, 'num_round': 50}",1693.7492561685983,1693.945311193519,1686.8583338974863,1693.3435730238728,1686.0580361872694,1742.991683251604,1730.64057437366,1739.3204375762807,1710.5964168491455,1738.7556043570773,50,50,50,50,50,1690.790902094149,1732.4609432815535,50.0,41.67004118740442
71,"{'early_stopping_rounds': 10, 'learning_rate': 0.1, 'min_data_in_leaf': 5000, 'num_leaves': 32, 'num_round': 200}",1687.4596527410897,1692.6118331531416,1684.4103564649286,1693.4775728235877,1691.7632340466457,1736.7652852342799,1732.2349964991454,1741.6009952723184,1717.8464456093077,1738.9550087675655,200,200,200,200,200,1689.9445298458788,1733.4805462765235,200.0,43.53601643064462
72,"{'early_stopping_rounds': 10, 'learning_rate': 0.1, 'min_data_in_leaf': 5000, 'num_leaves': 64, 'num_round': 200}",1690.8060989243527,1692.9563890936677,1687.735153291476,1693.8456357842495,1688.9353635064576,1738.1749052677078,1732.6469091240306,1743.7123523584398,1718.1700955315316,1735.8038950145947,200,200,200,200,200,1690.8557281200406,1733.7016314592609,200.0,42.845903339220285
73,"{'early_stopping_rounds': 10, 'learning_rate': 0.1, 'min_data_in_leaf': 1000, 'num_leaves': 8, 'num_round': 200}",1697.8038784591813,1701.7116816380455,1694.2057121102923,1700.6590361897165,1699.1624995093637,1744.3418629571127,1734.3753907452879,1736.866262155201,1716.329396037116,1738.0737813002731,200,200,200,200,200,1698.70856158132,1733.9973386389981,200.0,35.28877705767809
74,"{'early_stopping_rounds': 10, 'learning_rate': 0.5, 'min_data_in_leaf': 1000, 'num_leaves': 16, 'num_round': 50}",1649.3285202565899,1648.7407763430654,1641.7928409132428,1645.1513585049188,1644.4792070196731,1744.922651491126,1733.7821207774957,1738.8646824405243,1713.2778399726274,1743.4239904282583,50,50,50,50,50,1645.8985406074978,1734.8542570220063,50.0,88.95571641450852
75,"{'early_stopping_rounds': 10, 'learning_rate': 0.5, 'min_data_in_leaf': 500, 'num_leaves': 16, 'num_round': 50}",1638.632492929085,1635.9318327513056,1639.4336088171226,1638.432606770655,1622.9176122119968,1743.2442489975542,1735.3262883886482,1749.0738813280843,1715.6501611051297,1740.3869420382073,50,50,50,50,50,1635.069630696033,1736.736304371525,50.0,101.6666736754919
76,"{'early_stopping_rounds': 10, 'learning_rate': 0.5, 'min_data_in_leaf': 1000, 'num_leaves': 8, 'num_round': 100}",1660.8658425206543,1653.5504588371934,1645.9734525088263,1650.7618007252076,1663.8320338517128,1750.4140413385608,1730.762151516947,1739.3256989465128,1719.6986439079797,1745.231330861025,100,100,100,100,100,1654.996717688719,1737.086373314205,100.0,82.0896556254861
77,"{'early_stopping_rounds': 10, 'learning_rate': 0.2, 'min_data_in_leaf': 1000, 'num_leaves': 16, 'num_round': 50}",1706.369729853257,1704.1401831763935,1697.9323737762877,1702.6590189630263,1697.226459926598,1753.6811002617146,1735.163814411516,1745.9307642975864,1711.1875390614732,1743.9892850784597,50,50,50,50,50,1701.6655531391123,1737.99050062215,50.0,36.324947483037704
78,"{'early_stopping_rounds': 10, 'learning_rate': 0.5, 'min_data_in_leaf': 500, 'num_leaves': 8, 'num_round': 100}",1646.8640491481071,1649.6573423475404,1644.3809099533084,1641.5677955030105,1643.3703533066166,1744.4685837345537,1737.8885241673336,1748.9618032049354,1719.4507445102079,1740.4723896365886,100,100,100,100,100,1645.1680900517167,1738.2484090507241,100.0,93.08031899900743
79,"{'early_stopping_rounds': 10, 'learning_rate': 0.2, 'min_data_in_leaf': 500, 'num_leaves': 8, 'num_round': 100}",1707.1760725251104,1702.2633247924468,1697.3846216318843,1704.748864194224,1698.9476039729336,1753.2337129214557,1734.5379474715266,1746.6331404143236,1719.1475767468492,1740.002650966942,100,100,100,100,100,1702.1040974233201,1738.7110057042196,100.0,36.60690828089946
80,"{'early_stopping_rounds': 10, 'learning_rate': 0.5, 'min_data_in_leaf': 5000, 'num_leaves': 16, 'num_round': 100}",1663.7112590867105,1668.463745085454,1663.3560983474945,1669.8559049400305,1660.8208739785953,1740.334714713006,1733.4870123548524,1746.8987338122251,1729.2152353633549,1745.2482686231274,100,100,100,100,100,1665.2415762876567,1739.0367929733134,100.0,73.79521668565667
81,"{'early_stopping_rounds': 10, 'learning_rate': 0.05, 'min_data_in_leaf': 1000, 'num_leaves': 32, 'num_round': 100}",1703.1432170271385,1702.005368033876,1701.9508283415628,1707.1445292960525,1703.459141093652,1748.1502367034675,1738.1950844385635,1750.449630116468,1715.136201521195,1744.286698751253,100,100,100,100,100,1703.5406167584563,1739.2435703061897,100.0,35.70295354773339
82,"{'early_stopping_rounds': 10, 'learning_rate': 0.2, 'min_data_in_leaf': 5000, 'num_leaves': 32, 'num_round': 100}",1697.5153352993357,1695.8991836795478,1687.996815831263,1696.351819392895,1697.5109156909257,1751.8742067245337,1737.7434718701527,1743.638324433656,1724.1744176170102,1744.16505774029,100,100,100,100,100,1695.0548139787934,1740.3190956771286,100.0,45.26428169833525
83,"{'early_stopping_rounds': 10, 'learning_rate': 0.2, 'min_data_in_leaf': 5000, 'num_leaves': 64, 'num_round': 100}",1694.2387545358904,1696.1119850158436,1695.6160679078173,1697.9277746495236,1693.5410287426337,1746.989123217442,1738.0343056456832,1752.9364175563944,1724.9206219058483,1742.0090022444808,100,100,100,100,100,1695.4871221703415,1740.9778941139696,100.0,45.49077194362803
84,"{'early_stopping_rounds': 10, 'learning_rate': 0.1, 'min_data_in_leaf': 1000, 'num_leaves': 32, 'num_round': 50}",1703.6568334196415,1705.056175462159,1704.3380901951496,1710.9388247903196,1704.639222770214,1749.2735620425979,1740.2293985989468,1752.8202359912852,1721.619002551071,1745.0024685549372,50,50,50,50,50,1705.7258293274967,1741.7889335477678,50.0,36.06310422027104
85,"{'early_stopping_rounds': 10, 'learning_rate': 0.2, 'min_data_in_leaf': 1000, 'num_leaves': 8, 'num_round': 100}",1712.4662613640546,1707.0120188057224,1703.676308054612,1711.5552954739535,1705.6799721020566,1756.3995117846537,1739.0508634204557,1750.2077897433396,1724.9959782780695,1745.4838900334871,100,100,100,100,100,1708.0779711600796,1743.2276066520012,100.0,35.14963549192157
86,"{'early_stopping_rounds': 10, 'learning_rate': 0.1, 'min_data_in_leaf': 5000, 'num_leaves': 16, 'num_round': 200}",1714.5783343334938,1717.96914564467,1714.5096098514557,1715.330604644383,1712.2625356836545,1752.2260376376603,1746.4578677788932,1754.0963699093581,1727.56187632775,1748.4318183627804,200,200,200,200,200,1714.9300460315317,1745.7547940032885,200.0,30.82474797175678
87,"{'early_stopping_rounds': 10, 'learning_rate': 0.2, 'min_data_in_leaf': 5000, 'num_leaves': 8, 'num_round': 200}",1714.6899438187222,1723.9571457514394,1721.0926875098248,1726.9241571842856,1720.9512406578335,1755.0963053125536,1749.5780245207259,1758.814531175283,1739.1714996088645,1752.535649212283,200,200,200,200,200,1721.5230349844212,1751.0392019659419,200.0,29.516166981520655
88,"{'early_stopping_rounds': 10, 'learning_rate': 0.2, 'min_data_in_leaf': 5000, 'num_leaves': 16, 'num_round': 100}",1721.7492418241688,1720.9391354138372,1714.8511781332154,1719.6962515141233,1720.297132081478,1759.2356377947378,1751.3965475587406,1757.7922651481135,1732.3984480800377,1756.3043681245535,100,100,100,100,100,1719.5065877933644,1751.4254533412363,100.0,31.918865547871974
89,"{'early_stopping_rounds': 10, 'learning_rate': 0.5, 'min_data_in_leaf': 5000, 'num_leaves': 32, 'num_round': 50}",1703.530647871482,1713.3476644287873,1703.3960223728564,1709.2824088446828,1711.2482274293907,1766.659695949003,1764.1555038651368,1769.6952679894316,1749.057482697201,1769.643010195531,50,50,50,50,50,1708.1609941894399,1763.8421921392605,50.0,55.68119794982067
90,"{'early_stopping_rounds': 10, 'learning_rate': 0.5, 'min_data_in_leaf': 5000, 'num_leaves': 8, 'num_round': 100}",1717.8162835090325,1730.750223045565,1733.3512943294693,1736.13304752247,1728.5719714863603,1762.6892306644493,1769.8792971327123,1774.6011131249918,1763.5992038514535,1765.9499799953253,100,100,100,100,100,1729.3245639785794,1767.3437649537864,100.0,38.01920097520701
91,"{'early_stopping_rounds': 10, 'learning_rate': 0.5, 'min_data_in_leaf': 5000, 'num_leaves': 64, 'num_round': 50}",1711.128988800118,1715.0860915120395,1706.766303493041,1711.6893552951926,1714.1400325685554,1773.896962095283,1770.8962057802453,1776.828740236629,1750.6868738169605,1768.9757711997445,50,50,50,50,50,1711.7621543337893,1768.2569106257724,50.0,56.494756291983094
92,"{'early_stopping_rounds': 10, 'learning_rate': 0.5, 'min_data_in_leaf': 5000, 'num_leaves': 16, 'num_round': 50}",1732.5984970043867,1736.1926617008376,1729.524210479118,1740.276083735171,1730.398428864656,1777.4044014534734,1773.4679442674123,1782.2947858352018,1765.5627799198187,1781.3352539705118,50,50,50,50,50,1733.7979763568335,1776.0130330892837,50.0,42.21505673245019
93,"{'early_stopping_rounds': 10, 'learning_rate': 0.5, 'min_data_in_leaf': 500, 'num_leaves': 8, 'num_round': 50}",1726.3572407431243,1729.4881513594837,1738.2697007225222,1724.8331750851942,1734.1112963760982,1778.2470990653699,1776.8182952129205,1795.8011952946708,1756.6126381005192,1783.3913987830658,50,50,50,50,50,1730.6119128572846,1778.1741252913093,50.0,47.56221243402479
94,"{'early_stopping_rounds': 10, 'learning_rate': 0.5, 'min_data_in_leaf': 1000, 'num_leaves': 8, 'num_round': 50}",1731.5988147272997,1742.813894272911,1736.3384159435514,1736.5259420906984,1736.567467748493,1782.96019015685,1779.9442141855027,1788.9975663986886,1760.3285121011788,1780.953830748116,50,50,50,50,50,1736.7689069565909,1778.6368627180673,50.0,41.86795576147642
95,"{'early_stopping_rounds': 10, 'learning_rate': 0.05, 'min_data_in_leaf': 5000, 'num_leaves': 32, 'num_round': 200}",1761.1910641602587,1759.5571099602234,1758.8389431419907,1761.7471129610465,1759.8784593373184,1790.6651600361267,1783.8511269685205,1791.8408769352757,1764.4372161751885,1789.1336615023909,200,200,200,200,200,1760.2425379121676,1783.9856083235002,200.0,23.74307041133261
96,"{'early_stopping_rounds': 10, 'learning_rate': 0.1, 'min_data_in_leaf': 5000, 'num_leaves': 32, 'num_round': 100}",1760.1608751284605,1761.1616954491851,1756.9364402107956,1766.5312792022376,1762.188136438628,1789.6067838080774,1784.7968153357194,1791.250556244239,1769.2621403146777,1792.3773671161316,100,100,100,100,100,1761.3956852858614,1785.458732563769,100.0,24.06304727790757
97,"{'early_stopping_rounds': 10, 'learning_rate': 0.05, 'min_data_in_leaf': 5000, 'num_leaves': 64, 'num_round': 200}",1764.3610485615218,1759.5158735145226,1758.4369941654259,1766.0230237883834,1759.1168610321936,1793.9907081752174,1784.8087291587576,1792.0562743673115,1768.9021691498683,1788.730677566046,200,200,200,200,200,1761.4907602124094,1785.69771168344,200.0,24.206951471030607
98,"{'early_stopping_rounds': 10, 'learning_rate': 0.1, 'min_data_in_leaf': 5000, 'num_leaves': 64, 'num_round': 100}",1762.2214399144477,1761.3413082953853,1760.9079944993564,1764.5412107430334,1759.9608737222354,1791.007283129708,1785.1855011409589,1795.3032358294113,1768.4076184451844,1790.370991019859,100,100,100,100,100,1761.7945654348914,1786.0549259130244,100.0,24.260360478132952
99,"{'early_stopping_rounds': 10, 'learning_rate': 0.2, 'min_data_in_leaf': 5000, 'num_leaves': 32, 'num_round': 50}",1770.625026770262,1768.324808881008,1760.5481498928505,1766.4764628892933,1768.5751035726737,1804.550012176442,1792.0075247215077,1793.8425498126712,1769.645076648358,1798.0953866145474,50,50,50,50,50,1766.9099104012178,1791.6281099947053,50.0,24.718199593487498
100,"{'early_stopping_rounds': 10, 'learning_rate': 0.05, 'min_data_in_leaf': 500, 'num_leaves': 16, 'num_round': 100}",1772.1283394431757,1772.8647427087847,1770.165212032567,1777.4534999379678,1772.671588964798,1797.5431212455956,1791.3747665294554,1799.3819610113085,1770.0235050469023,1800.6126404854347,100,100,100,100,100,1773.0566766174586,1791.7871988637394,100.0,18.73052224628077
101,"{'early_stopping_rounds': 10, 'learning_rate': 0.2, 'min_data_in_leaf': 5000, 'num_leaves': 64, 'num_round': 50}",1771.215721728284,1765.1586240372942,1765.7433384891353,1769.5028373913658,1766.8348740598856,1804.496070240632,1789.9176830359747,1799.0922565304309,1773.5001339872997,1797.993647974165,50,50,50,50,50,1767.691079141193,1792.9999583537003,50.0,25.308879212507236
102,"{'early_stopping_rounds': 10, 'learning_rate': 0.1, 'min_data_in_leaf': 500, 'num_leaves': 16, 'num_round': 50}",1773.355182010973,1773.117490027489,1772.046538184633,1782.0853211129404,1771.9439429837435,1799.6221138056994,1791.6977898730095,1801.4326228960726,1771.1639785381817,1802.2610077887787,50,50,50,50,50,1774.509694863956,1793.2355025803486,50.0,18.725807716392637
103,"{'early_stopping_rounds': 10, 'learning_rate': 0.1, 'min_data_in_leaf': 5000, 'num_leaves': 8, 'num_round': 200}",1774.7733931219186,1781.1131057839975,1779.1792426290442,1781.0249420475623,1772.3429212207411,1799.3681194787052,1794.2937404810134,1802.8720014085766,1776.1960393746622,1795.2742215071153,200,200,200,200,200,1777.6867209606528,1793.6008244500147,200.0,15.914103489361878
104,"{'early_stopping_rounds': 10, 'learning_rate': 0.05, 'min_data_in_leaf': 5000, 'num_leaves': 16, 'num_round': 200}",1778.6258056644672,1776.0060485655513,1779.9670592534799,1782.799403921397,1776.72586137816,1801.6583182773466,1794.6806039605967,1803.1503641087309,1779.0512737654283,1801.707896646151,200,200,200,200,200,1778.824835756611,1796.0496913516504,200.0,17.224855595039344
105,"{'early_stopping_rounds': 10, 'learning_rate': 0.05, 'min_data_in_leaf': 1000, 'num_leaves': 16, 'num_round': 100}",1776.3167988485409,1777.5827927479927,1777.2323424838414,1782.2022225590242,1777.7888515906966,1802.1976875538937,1795.3140106303615,1805.7722515408102,1771.8897372918573,1805.1328006605966,100,100,100,100,100,1778.224601646019,1796.0612975355039,100.0,17.836695889484872
106,"{'early_stopping_rounds': 10, 'learning_rate': 0.05, 'min_data_in_leaf': 500, 'num_leaves': 8, 'num_round': 200}",1778.3774106984242,1776.5515683965514,1778.0845780850334,1782.2600581515755,1778.9140202821939,1807.2614166843614,1793.1474895596161,1804.7004051745648,1774.6647948617288,1805.6710264372314,200,200,200,200,200,1778.8375271227555,1797.0890265435003,200.0,18.25149942074472
107,"{'early_stopping_rounds': 10, 'learning_rate': 0.2, 'min_data_in_leaf': 5000, 'num_leaves': 8, 'num_round': 100}",1775.5350365835543,1782.5360496568826,1778.0053609592917,1786.3544555100327,1782.592678123287,1802.0226464164448,1797.0419192635368,1802.52963111156,1782.9483621811557,1803.9196989768543,100,100,100,100,100,1781.0047161666093,1797.6924515899104,100.0,16.687735423301092
108,"{'early_stopping_rounds': 10, 'learning_rate': 0.1, 'min_data_in_leaf': 5000, 'num_leaves': 16, 'num_round': 100}",1782.096287099035,1784.2701887870453,1778.9279867467544,1780.5842520218107,1777.06063908599,1806.9097115925078,1802.5625926105895,1803.6963735676923,1776.6641359986095,1800.8457802781008,100,100,100,100,100,1780.5878707481272,1798.1357188095,100.0,17.54784806137286
109,"{'early_stopping_rounds': 10, 'learning_rate': 0.1, 'min_data_in_leaf': 500, 'num_leaves': 8, 'num_round': 100}",1781.068654121328,1778.9160571674054,1775.9125019233138,1786.7528374082697,1778.5594716207424,1809.2620270800394,1796.7354867677193,1802.7450947123361,1780.79793386931,1804.2283235000127,100,100,100,100,100,1780.2419044482117,1798.7537731858836,100.0,18.511868737671875
110,"{'early_stopping_rounds': 10, 'learning_rate': 0.1, 'min_data_in_leaf': 1000, 'num_leaves': 16, 'num_round': 50}",1778.9230048326292,1781.106585747169,1774.6612334016017,1785.9848374387786,1779.4715174634673,1805.0426628220976,1800.76468863421,1803.4157173859028,1776.3135176429337,1809.065682327478,50,50,50,50,50,1780.0294357767293,1798.9204537625246,50.0,18.891017985795315
111,"{'early_stopping_rounds': 10, 'learning_rate': 0.05, 'min_data_in_leaf': 1000, 'num_leaves': 8, 'num_round': 200}",1781.208293293072,1781.3996894878844,1782.1022485293565,1787.3030229307976,1781.3072707889412,1810.3506076867232,1798.07662416794,1805.3989899838414,1778.0805067632778,1808.1557851023588,200,200,200,200,200,1782.6641050060105,1800.012502740828,200.0,17.34839773481758
112,"{'early_stopping_rounds': 10, 'learning_rate': 0.1, 'min_data_in_leaf': 1000, 'num_leaves': 8, 'num_round': 100}",1781.3761296453345,1781.800832176149,1780.7178176740417,1788.9668566778591,1784.0032776889304,1810.9461561039388,1798.984171532586,1803.8788196574183,1781.6599242986065,1807.5515911640277,100,100,100,100,100,1783.372982772463,1800.6041325513156,100.0,17.23114977885257
113,"{'early_stopping_rounds': 10, 'learning_rate': 0.2, 'min_data_in_leaf': 5000, 'num_leaves': 16, 'num_round': 50}",1789.6311922299594,1784.1128847452323,1780.7386677973875,1783.2898187693731,1787.188876758836,1812.9421147490289,1803.5301536048848,1806.8236846843845,1779.2822173313036,1812.5929919188588,50,50,50,50,50,1784.9922880601575,1803.0342324576923,50.0,18.041944397534735
114,"{'early_stopping_rounds': 10, 'learning_rate': 0.2, 'min_data_in_leaf': 500, 'num_leaves': 8, 'num_round': 50}",1791.4373872342046,1786.1606592987832,1777.9451072713994,1788.3493677253202,1787.4002699775629,1819.6407129777024,1800.6176298437015,1807.3203824554778,1779.7088636244873,1811.2851911287667,50,50,50,50,50,1786.2585583014538,1803.7145560060271,50.0,17.455997704573292
115,"{'early_stopping_rounds': 10, 'learning_rate': 0.2, 'min_data_in_leaf': 1000, 'num_leaves': 8, 'num_round': 50}",1803.052074407501,1783.6173540158513,1787.1981660242209,1794.2520249154873,1787.1150154212476,1830.4043996559678,1800.2536734962089,1813.9393659663856,1785.5648830832808,1811.90550483037,50,50,50,50,50,1791.0469269568616,1808.4135654064426,50.0,17.366638449580933
116,"{'early_stopping_rounds': 10, 'learning_rate': 0.5, 'min_data_in_leaf': 5000, 'num_leaves': 8, 'num_round': 50}",1786.901953928285,1794.6331441284378,1802.1220462023557,1804.1256040466462,1793.698451247272,1818.5115390350438,1821.6497219907326,1826.1541794239624,1812.7973177148176,1815.5227374740243,50,50,50,50,50,1796.2962399105993,1818.927099127716,50.0,22.630859217116722
117,"{'early_stopping_rounds': 10, 'learning_rate': 0.05, 'min_data_in_leaf': 500, 'num_leaves': 64, 'num_round': 50}",1800.0238823759826,1798.8022919775442,1798.7199704956115,1805.4389350785052,1799.8036371902826,1834.7425704888249,1836.634961375252,1846.9637681874392,1812.1453287564957,1838.8536570759297,50,50,50,50,50,1800.5577434235852,1833.868057176788,50.0,33.31031375320276
118,"{'early_stopping_rounds': 10, 'learning_rate': 0.05, 'min_data_in_leaf': 5000, 'num_leaves': 8, 'num_round': 200}",1832.8330663778206,1835.3346354193166,1832.1285530290086,1835.7854800651714,1834.9595858868709,1852.0915703109595,1846.6570753140038,1849.40970986422,1824.5177281874724,1851.9967510427452,200,200,200,200,200,1834.2082641556376,1844.9345669438803,200.0,10.72630278824272
119,"{'early_stopping_rounds': 10, 'learning_rate': 0.1, 'min_data_in_leaf': 5000, 'num_leaves': 8, 'num_round': 100}",1840.3309670083115,1836.6924079382363,1836.4379972681534,1838.485921381751,1835.4249637306973,1859.5585755164377,1846.599976178793,1853.6529984465178,1825.1753151583312,1853.5849505912881,100,100,100,100,100,1837.4744514654299,1847.7143631782735,100.0,10.23991171284365
120,"{'early_stopping_rounds': 10, 'learning_rate': 0.2, 'min_data_in_leaf': 5000, 'num_leaves': 8, 'num_round': 50}",1837.5503061319394,1849.9224920966865,1842.2070121977283,1848.0316625564958,1850.7925847436545,1855.3376152527856,1861.0898957190616,1858.9291715933534,1834.954186823361,1867.512022598352,50,50,50,50,50,1845.700811545301,1855.5645783973828,50.0,9.86376685208188
121,"{'early_stopping_rounds': 10, 'learning_rate': 0.05, 'min_data_in_leaf': 1000, 'num_leaves': 64, 'num_round': 50}",1828.369939747652,1827.2913694204835,1828.1302613519374,1832.4680165205286,1828.3248234544799,1859.527797846829,1859.9863573621776,1869.537100646135,1832.1864822901928,1861.5696890896081,50,50,50,50,50,1828.9168820990162,1856.5614854469884,50.0,27.64460334797218
122,"{'early_stopping_rounds': 10, 'learning_rate': 0.05, 'min_data_in_leaf': 5000, 'num_leaves': 32, 'num_round': 100}",1854.107806268271,1852.4343302839825,1851.0259314278117,1856.3587582960308,1853.5469300991838,1870.7902219684731,1869.9976049651175,1873.8296308954452,1844.684144757188,1875.206993994085,100,100,100,100,100,1853.4947512750562,1866.9017193160616,100.0,13.406968041005484
123,"{'early_stopping_rounds': 10, 'learning_rate': 0.1, 'min_data_in_leaf': 5000, 'num_leaves': 32, 'num_round': 50}",1853.706201526799,1858.2207782675628,1848.9143938172015,1857.2451806590354,1858.9748759247245,1868.7335284174792,1874.2276376641164,1872.1060575860183,1844.635411573821,1881.1164623421469,50,50,50,50,50,1855.4122860390646,1868.1638195167166,50.0,12.751533477651947
124,"{'early_stopping_rounds': 10, 'learning_rate': 0.05, 'min_data_in_leaf': 5000, 'num_leaves': 64, 'num_round': 100}",1856.8546316336872,1852.4223646735097,1854.1275720399317,1859.4524224928143,1853.5187449128857,1873.6365167039721,1870.2890347977504,1877.4633026035185,1847.1578009254183,1875.6244525388997,100,100,100,100,100,1855.2751471505658,1868.8342215139116,100.0,13.559074363345871
125,"{'early_stopping_rounds': 10, 'learning_rate': 0.1, 'min_data_in_leaf': 5000, 'num_leaves': 64, 'num_round': 50}",1858.1875676989102,1859.2186663271077,1851.1190487059337,1858.0301260336341,1852.9375619350947,1873.0541032613303,1875.1382514455167,1874.460156870583,1845.962384422432,1876.4366819411073,50,50,50,50,50,1855.8985941401359,1869.010315588194,50.0,13.111721448058233
126,"{'early_stopping_rounds': 10, 'learning_rate': 0.05, 'min_data_in_leaf': 5000, 'num_leaves': 16, 'num_round': 100}",1864.3154587072377,1860.7293375853772,1863.3354844012215,1867.2018471058996,1861.3780175224142,1879.2377268220241,1874.8876679098094,1881.5457600228083,1851.8288688120078,1881.532497956723,100,100,100,100,100,1863.3920290644303,1873.8065043046747,100.0,10.414475240244428
127,"{'early_stopping_rounds': 10, 'learning_rate': 0.1, 'min_data_in_leaf': 5000, 'num_leaves': 16, 'num_round': 50}",1867.694337191722,1867.9380859359244,1864.2353228186348,1871.928818071243,1861.4973216480817,1883.4680391989455,1882.3664293118156,1883.462755818618,1856.037118760251,1880.218230891583,50,50,50,50,50,1866.658777133121,1877.1105147962426,50.0,10.451737663121548
128,"{'early_stopping_rounds': 10, 'learning_rate': 0.05, 'min_data_in_leaf': 500, 'num_leaves': 8, 'num_round': 100}",1878.8612740463657,1877.3442829517544,1877.2061681801733,1883.0784150697034,1879.2826899478978,1896.7818719223023,1888.1530505170524,1895.1237770193875,1862.921577718358,1897.628427206487,100,100,100,100,100,1879.1545660391791,1888.1217408767175,100.0,8.967174837538323
129,"{'early_stopping_rounds': 10, 'learning_rate': 0.1, 'min_data_in_leaf': 500, 'num_leaves': 8, 'num_round': 50}",1876.380738363604,1875.8945855833636,1875.2201344876291,1886.065956038113,1879.7627012182072,1894.6712683940193,1887.9426966875938,1893.4420361095263,1868.2470866720153,1898.0110991518193,50,50,50,50,50,1878.6648231381835,1888.4628374029949,50.0,9.7980142648114
130,"{'early_stopping_rounds': 10, 'learning_rate': 0.1, 'min_data_in_leaf': 1000, 'num_leaves': 8, 'num_round': 50}",1878.454098718378,1876.3801724867026,1877.1609846577837,1886.2356315702878,1879.5103079651678,1897.52790318985,1888.4625440419052,1894.3275662537462,1868.305768631655,1895.8822300750915,50,50,50,50,50,1879.5482390796637,1888.9012024384494,50.0,9.3529633587857
131,"{'early_stopping_rounds': 10, 'learning_rate': 0.05, 'min_data_in_leaf': 1000, 'num_leaves': 8, 'num_round': 100}",1878.0381262410801,1878.7884825535605,1878.6136922756668,1882.7358638674184,1881.1227439632826,1895.868921152569,1890.5726008412514,1895.97886386843,1862.6833619198408,1899.906608005634,100,100,100,100,100,1879.8597817802015,1889.0020711575448,100.0,9.142289377343332
132,"{'early_stopping_rounds': 10, 'learning_rate': 0.05, 'min_data_in_leaf': 500, 'num_leaves': 32, 'num_round': 50}",1879.9553605922565,1876.41886748741,1877.9339128796792,1884.1940018877733,1878.40312594633,1899.0269128021807,1899.4291209519577,1911.2910874271206,1871.7269735416962,1903.108780639693,50,50,50,50,50,1879.3810537586899,1896.9165750725297,50.0,17.53552131383981
133,"{'early_stopping_rounds': 10, 'learning_rate': 0.05, 'min_data_in_leaf': 1000, 'num_leaves': 32, 'num_round': 50}",1889.1798593522744,1888.6548846060812,1888.334477054922,1893.0878757764372,1889.0823492404218,1908.3330151292357,1910.558043209632,1921.273096837704,1878.9976364190247,1913.1735369220673,50,50,50,50,50,1889.6678892060274,1906.4670657035326,50.0,16.799176497505186
134,"{'early_stopping_rounds': 10, 'learning_rate': 0.1, 'min_data_in_leaf': 5000, 'num_leaves': 8, 'num_round': 50}",1922.4456430612113,1919.6629671606918,1919.2645986648351,1920.0674476006316,1917.094590327412,1934.8530280151654,1929.706353452864,1932.354315125535,1898.3241494564631,1932.6365892245938,50,50,50,50,50,1919.7070493629562,1925.5748870549244,50.0,5.867837691968134
135,"{'early_stopping_rounds': 10, 'learning_rate': 0.05, 'min_data_in_leaf': 5000, 'num_leaves': 8, 'num_round': 100}",1916.7641232260855,1917.350729407551,1916.7719465226064,1922.0323181181848,1922.2041139211526,1930.0451204647643,1928.8605807164693,1931.2458669226169,1901.6155850996934,1936.632458695313,100,100,100,100,100,1919.0246462391162,1925.6799223797711,100.0,6.655276140654905
136,"{'early_stopping_rounds': 10, 'learning_rate': 0.05, 'min_data_in_leaf': 500, 'num_leaves': 16, 'num_round': 50}",1985.9927838503995,1986.4684594815026,1982.9372197105868,1992.016760910167,1985.8813295407672,1996.5031143904218,2002.804183654276,2007.4854463783406,1971.5817594116154,2005.193578973658,50,50,50,50,50,1986.6593106986845,1996.7136165616623,50.0,10.054305862977799
137,"{'early_stopping_rounds': 10, 'learning_rate': 0.05, 'min_data_in_leaf': 1000, 'num_leaves': 16, 'num_round': 50}",1987.6301917335425,1987.8364900549968,1987.4866706783625,1994.5993984891675,1986.6332887867043,1998.0144471756712,2002.87840059094,2010.853496446953,1971.7840437574084,2005.8989478154665,50,50,50,50,50,1988.8372079485548,1997.8858671572877,50.0,9.048659208732943
138,"{'early_stopping_rounds': 10, 'learning_rate': 0.05, 'min_data_in_leaf': 5000, 'num_leaves': 32, 'num_round': 50}",2042.8404141805906,2034.9692756827565,2031.8339135368158,2042.1954391049803,2037.4977014231454,2046.8403623693669,2051.163338495505,2053.6664204732033,2019.6346900211765,2055.125785096037,50,50,50,50,50,2037.8673487856577,2045.2861192910575,50.0,7.418770505399834
139,"{'early_stopping_rounds': 10, 'learning_rate': 0.05, 'min_data_in_leaf': 5000, 'num_leaves': 64, 'num_round': 50}",2043.518745549264,2036.9592690188836,2035.4083456654105,2042.0209552292113,2037.4904502782088,2047.465509823166,2052.458333527496,2057.6668888329186,2019.2667414274263,2055.1161726279206,50,50,50,50,50,2039.0795531481956,2046.3947292477853,50.0,7.315176099589735
140,"{'early_stopping_rounds': 10, 'learning_rate': 0.05, 'min_data_in_leaf': 5000, 'num_leaves': 16, 'num_round': 50}",2052.0289134486147,2046.477815109432,2046.40418503708,2055.6785841636224,2047.8172517945857,2056.0990365094826,2060.936740575133,2065.08102177848,2031.7777057747444,2064.0761128196477,50,50,50,50,50,2049.681349910667,2055.5941234914976,50.0,5.912773580830617
141,"{'early_stopping_rounds': 10, 'learning_rate': 0.05, 'min_data_in_leaf': 1000, 'num_leaves': 8, 'num_round': 50}",2140.9842403091643,2138.6298596295555,2136.998634326259,2143.2424230654487,2139.643581519287,2145.81521128024,2151.7157375462198,2154.4205905464764,2115.989142522634,2154.6427905117016,50,50,50,50,50,2139.899747769943,2144.5166944814546,50.0,4.616946711511446
142,"{'early_stopping_rounds': 10, 'learning_rate': 0.05, 'min_data_in_leaf': 500, 'num_leaves': 8, 'num_round': 50}",2138.9045839903592,2139.51099350421,2136.4935228415848,2144.133717547181,2139.643581519287,2144.045369586823,2152.339957560727,2154.867663114622,2117.0662718252647,2154.6427905117016,50,50,50,50,50,2139.7372798805245,2144.5924105198274,50.0,4.855130639302843
143,"{'early_stopping_rounds': 10, 'learning_rate': 0.05, 'min_data_in_leaf': 5000, 'num_leaves': 8, 'num_round': 50}",2159.3119892146956,2159.5280574219355,2155.384400148257,2163.923340332661,2159.795289345452,2160.906430012513,2173.5485796235735,2171.7647261973075,2137.0666472969065,2173.6439320720524,50,50,50,50,50,2159.5886152926005,2163.3860630404706,50.0,3.7974477478701374
